"tweet_id","in_reply_to_status_id","in_reply_to_user_id","retweeted_status_id","retweeted_status_user_id","timestamp","source","text","expanded_urls"
"108942327288041473","108934269912616960","2426","","","2011-08-31 16:40:49 +0000","<a href=""http://tapbots.com/tweetbot"" rel=""nofollow"">Tweetbot for iOS</a>","@Mike_FTW it's Spanish, asshole ;)"
"108924158397788162","","","","","2011-08-31 15:28:37 +0000","<a href=""http://twitterrific.com"" rel=""nofollow"">Twitterrific for Mac</a>","Aha. Interessant, @baranek @erikschimmel @zuckerbaeckerin ;-) http://t.co/UZoK03X","http://twitpic.com/6e17ua"
"108923266911055872","","69060049","","","2011-08-31 15:25:05 +0000","<a href=""http://twitterrific.com"" rel=""nofollow"">Twitterrific for Mac</a>","@BoseService i'm about to return them. The smell is toxic ? even after 3 weeks of keeping the speakers in fresh air. Worried about health."
"108922836537708544","","69060049","","","2011-08-31 15:23:22 +0000","<a href=""http://twitterrific.com"" rel=""nofollow"">Twitterrific for Mac</a>","@BoseService i got the COMPANION 2 SERIES II ? sound great but they smell terribly (3+ weeks) of plastic. Causing head aches etc. Any tips?"
"108909115115438080","108906997478473728","12948892","","","2011-08-31 14:28:51 +0000","<a href=""http://twitterrific.com"" rel=""nofollow"">Twitterrific for Mac</a>","@web_martin Dann doch lieber gleich ein http://t.co/1ApiDEW","http://inkling.wacom.eu/"
"108858129839689728","108837437425467392","2727051","","","2011-08-31 11:06:15 +0000","<a href=""http://twitterrific.com"" rel=""nofollow"">Twitterrific for Mac</a>","@maxvoltar That's the one i have: http://t.co/rdiXuld. Sells around ? 1100.","http://www.oka.de/cms/en/184/OKA-Jump"
"108857535829786624","108837437425467392","2727051","","","2011-08-31 11:03:53 +0000","<a href=""http://tapbots.com/tweetbot"" rel=""nofollow"">Tweetbot for iOS</a>","@maxvoltar me too. Mine can do both standup and sit down. It's great! http://t.co/ZV1jP2S","http://twitpic.com/6dxtx7"
"108597496447643649","108597031970410496","928881","","","2011-08-30 17:50:35 +0000","<a href=""http://twitterrific.com"" rel=""nofollow"">Twitterrific for Mac</a>","@baranek @YvonneSim granadabrudaal aldr. Kosch gift druff nemma."
"108596377763856385","108595939958202369","15003368","","","2011-08-30 17:46:08 +0000","<a href=""http://twitterrific.com"" rel=""nofollow"">Twitterrific for Mac</a>","@saimalkan ja, man muss schon sozial sein auf diesen Netzwerken?"
"108595393553629184","","15753084","","","2011-08-30 17:42:14 +0000","<a href=""http://twitterrific.com"" rel=""nofollow"">Twitterrific for Mac</a>","@cruiser607 @aleks_be http://t.co/hYUU3LM ?!","http://twitter.com/seiz/status/108594836994658304"
"108594836994658304","","","","","2011-08-30 17:40:01 +0000","<a href=""http://twitterrific.com"" rel=""nofollow"">Twitterrific for Mac</a>","Im Oktober mal #schnitzelS statt #pl0gbar0711: http://t.co/kH3Lsm7","http://schnitzels.mixxt.de/networks/events/show_event.46217"
"108593542116548608","108593294463860736","15003368","","","2011-08-30 17:34:52 +0000","<a href=""http://twitterrific.com"" rel=""nofollow"">Twitterrific for Mac</a>","@saimalkan Danke! Ist ne qual auf Mixxt was zu finden."
"108592862429581312","108590948681908224","15003368","","","2011-08-30 17:32:10 +0000","<a href=""http://twitterrific.com"" rel=""nofollow"">Twitterrific for Mac</a>","@saimalkan Link or it doesn't hapen ;-)"
"108583284635738113","","12534","","","2011-08-30 16:54:07 +0000","<a href=""http://twitterrific.com"" rel=""nofollow"">Twitterrific for Mac</a>","@beep http://www.gif.tv"
"108544612062339072","","","","","2011-08-30 14:20:26 +0000","<a href=""http://twitterrific.com"" rel=""nofollow"">Twitterrific for Mac</a>","Tweet Marks mit Twitterrific auf dem Mac und Tweetbot auf dem Fon klappt erstaunlich gut. Klasse!"
"108544037694357504","108542184021692416","7907312","","","2011-08-30 14:18:09 +0000","<a href=""http://twitterrific.com"" rel=""nofollow"">Twitterrific for Mac</a>","@uknaus Bier mit Senf, igitt ;-)"
"108543680247382016","108535361889763329","15753084","","","2011-08-30 14:16:44 +0000","<a href=""http://twitterrific.com"" rel=""nofollow"">Twitterrific for Mac</a>","@cruiser607 Klasse, welche Airline war das?"
"108488379452239873","","","","","2011-08-30 10:36:59 +0000","<a href=""http://twitterrific.com"" rel=""nofollow"">Twitterrific for Mac</a>","Gibt es Gr?ne Stromanbieter mit Tarifen f?r Nachtspeicher Heizungen?"
"108467253120479232","108455836501811201","12948892","","","2011-08-30 09:13:03 +0000","<a href=""http://twitterrific.com"" rel=""nofollow"">Twitterrific for Mac</a>","@web_martin Ja, Abst?rze kenne ich gut. Ich muss bei meiner Fritzbox das WLAN komplett abschalten, damit sie l?uft."
"108450339509899265","108289434637701121","8783762","","","2011-08-30 08:05:50 +0000","<a href=""http://tapbots.com/tweetbot"" rel=""nofollow"">Tweetbot for iOS</a>","@markus_siepmann leider nein ;)"
"108274332962275328","108255570653487104","10079052","","","2011-08-29 20:26:27 +0000","<a href=""http://tapbots.com/tweetbot"" rel=""nofollow"">Tweetbot for iOS</a>","@rjs historic artifact from pre CSS days?"
"108272651159605248","108247811388219392","9545242","","","2011-08-29 20:19:46 +0000","<a href=""http://tapbots.com/tweetbot"" rel=""nofollow"">Tweetbot for iOS</a>","@Zellmi Daumen gedr?ckt!"
"108235772167077888","","","","","2011-08-29 17:53:13 +0000","<a href=""http://tapbots.com/tweetbot"" rel=""nofollow"">Tweetbot for iOS</a>","Habe mir weiterhin Sommer befohlen. Barfuss und Shorts. Werden wir doch sehen, wer hier den l?ngeren Atem hat, Wetter!"
"108218613416214528","108216500611059713","12948892","","","2011-08-29 16:45:02 +0000","<a href=""http://twitterrific.com"" rel=""nofollow"">Twitterrific for Mac</a>","@web_martin F?r solchen Schwachsinn gibt es meist rechtliche Gr?nde?"
"108211383379836928","","","","","2011-08-29 16:16:18 +0000","<a href=""http://twitterrific.com"" rel=""nofollow"">Twitterrific for Mac</a>","Hat jemand von Euch schon mal ein Facebook Profil in eine Facebook Page konvertiert oder gar nen Kontakt zu FB Deutschland?"
"108122246001856512","","","","","2011-08-29 10:22:06 +0000","<a href=""http://twitterrific.com"" rel=""nofollow"">Twitterrific for Mac</a>","@skimbee @oliverg siehe auch: http://t.co/rpWF5is","http://opengeodb.giswiki.org/wiki/OpenGeoDB_Downloads"
"108122124480286720","","","","","2011-08-29 10:21:37 +0000","<a href=""http://twitterrific.com"" rel=""nofollow"">Twitterrific for Mac</a>","@skimbee @oliverg Schaut Euch mal die OpenGeoDB an: http://t.co/fyIWrx9","http://www.lichtblau-it.de/downloads"
"107837948191440896","107834772885213187","643443","","","2011-08-28 15:32:25 +0000","<a href=""http://tapbots.com/tweetbot"" rel=""nofollow"">Tweetbot for iOS</a>","@Twitterrific thanks! Didn't expect a reply on a Sunday at all."
"107830962062245889","","69060049","","","2011-08-28 15:04:39 +0000","<a href=""http://twitterrific.com"" rel=""nofollow"">Twitterrific for Mac</a>","@BoseService got the COMPANION 2 SERIES II ? sound great but they smell terribly (3+ weeks) of plastic. Causing head aches etc. Any tips?"
"107828143859056640","","643443","","","2011-08-28 14:53:27 +0000","<a href=""http://twitterrific.com"" rel=""nofollow"">Twitterrific for Mac</a>","@Twitterrific other than that, Tweet Marks is a god sent. Thanks a lot for implementing it!"
"107827660771696640","","643443","","","2011-08-28 14:51:32 +0000","<a href=""http://twitterrific.com"" rel=""nofollow"">Twitterrific for Mac</a>","@Twitterrific (Mac) having Tweet Marks on and clicking links a tweet often scrolls me back to the last tweet mark or elsewhere in timeline"
"107737818763239424","107731160490196993","34930175","","","2011-08-28 08:54:32 +0000","<a href=""http://tapbots.com/tweetbot"" rel=""nofollow"">Tweetbot for iOS</a>","@textzicke das sollte nat?rlich ""Nimm TIM"" hei?en. Ital. Telekom. Gute Netzabdeckung."
"107737324472893440","107736085228044288","7907312","","","2011-08-28 08:52:34 +0000","<a href=""http://tapbots.com/tweetbot"" rel=""nofollow"">Tweetbot for iOS</a>","@uknaus ich will Waden sehen!"
"107735151148154880","107731160490196993","34930175","","","2011-08-28 08:43:56 +0000","<a href=""http://tapbots.com/tweetbot"" rel=""nofollow"">Tweetbot for iOS</a>","@textzicke ...F?r 1 Woche empfehle ich dir ne 1GB Flat. Solltest Du mit SIM f?r ca 20? bekommen. Nim TIM."
"107735012622868480","107731160490196993","34930175","","","2011-08-28 08:43:23 +0000","<a href=""http://tapbots.com/tweetbot"" rel=""nofollow"">Tweetbot for iOS</a>","@textzicke du musst halt ne italienische SIM kaufen und dein Fon darf keinen Simlock haben..."
"107486957789118464","","","","","2011-08-27 16:17:42 +0000","<a href=""http://twitterrific.com"" rel=""nofollow"">Twitterrific for Mac</a>","Da Tweetbot jetzt Tweet Marker unterst?tzt, gebe ich Twitterrific auf dem Mac noch ne Chance. Immer sch?n in Sync bleiben?"
"107482230892408832","","","","","2011-08-27 15:58:55 +0000","<a href=""http://twitterrific.com"" rel=""nofollow"">Twitterrific for Mac</a>","So eine R?ckfahrt von Italien, mit ?bernachtung auf halbem Weg ist irgendwie schon mond?n. So war es mit der Postkutsche immer."
"107481628854587392","107481302218977281","15003368","","","2011-08-27 15:56:31 +0000","<a href=""http://twitterrific.com"" rel=""nofollow"">Twitterrific for Mac</a>","@saimalkan Danke. Zum Gl?ck hatte ich den Stop in Como auf halbem Weg eingeplant, sonst w?re diese Fahrt die pure H?lle gewesen ;-)"
"107480413676646400","","","","","2011-08-27 15:51:42 +0000","<a href=""http://itunes.apple.com/us/app/twitter/id409789998?mt=12"" rel=""nofollow"">Twitter for Mac</a>","Am Bernardino hatten wir 2 Grad und Schnee abgerundet mit Stau und Stillstand im Tunnel. Hab jetzt f?r ein Jahr genug vom Autofahren."
"107474900440190977","","","","","2011-08-27 15:29:47 +0000","<a href=""http://itunes.apple.com/us/app/twitter/id409789998?mt=12"" rel=""nofollow"">Twitter for Mac</a>","@skimbee Hehe ;-)"
"107472081771446273","","","","","2011-08-27 15:18:35 +0000","<a href=""http://itunes.apple.com/us/app/twitter/id409789998?mt=12"" rel=""nofollow"">Twitter for Mac</a>","Home sweet home. 7h Fahrt von Como nach G?ppingen. Muss neuer Rekord sein."
"107093884680679424","","","","","2011-08-26 14:15:46 +0000","<a href=""http://gowalla.com/"" rel=""nofollow"">Gowalla</a>","Endlich  @ Lake Como http://t.co/e3IvzB3","http://gowal.la/c/4P6XA"
"107046444770402304","","","","","2011-08-26 11:07:15 +0000","<a href=""http://tapbots.com/tweetbot"" rel=""nofollow"">Tweetbot for iOS</a>","Schickt mir einen Lasten-Heli!"
"107046067731824640","","","","","2011-08-26 11:05:46 +0000","<a href=""http://tapbots.com/tweetbot"" rel=""nofollow"">Tweetbot for iOS</a>","37 Grad, Klimaanlage wie immer kaputt und ein Stau nach dem anderen. Freue mich auf ein Bad in Como. @ Boligna"
"106964688432136192","106827525942030336","8783762","","","2011-08-26 05:42:23 +0000","<a href=""http://tapbots.com/tweetbot"" rel=""nofollow"">Tweetbot for iOS</a>","@markus_siepmann soll ich Enzo schicken? Der hat grad nichts zu tun. Und Beton ist auch ?brig."
"105975557388386304","105954831474241537","15003368","","","2011-08-23 12:11:56 +0000","<a href=""http://tapbots.com/tweetbot"" rel=""nofollow"">Tweetbot for iOS</a>","@saimalkan wo Mutti sonst nur?"
"105974909095780352","","","","","2011-08-23 12:09:21 +0000","<a href=""http://tapbots.com/tweetbot"" rel=""nofollow"">Tweetbot for iOS</a>","@skimbee och n?. Echt jetzt?"
"105600174881128449","","","","","2011-08-22 11:20:18 +0000","<a href=""http://tapbots.com/tweetbot"" rel=""nofollow"">Tweetbot for iOS</a>","Ihr k?nnt mir alles wegnehmen, aber diese Tomaten nur aus meinen kalten, toten H?nden."
"105598075921379329","","","","","2011-08-22 11:11:57 +0000","<a href=""http://tapbots.com/tweetbot"" rel=""nofollow"">Tweetbot for iOS</a>","Current status: http://t.co/5JJCTVY","http://twitpic.com/69x15r"
"105192869660332032","105046570650705920","69553769","","","2011-08-21 08:21:49 +0000","<a href=""http://tapbots.com/tweetbot"" rel=""nofollow"">Tweetbot for iOS</a>","@DerScholz Alles Gute!"
"104846843879497728","104768248859459584","666043","","","2011-08-20 09:26:50 +0000","<a href=""http://tapbots.com/tweetbot"" rel=""nofollow"">Tweetbot for iOS</a>","@danielpunkass is that Marsedit? Just so I can avoid a similar crash."
"104846582482079745","","","","","2011-08-20 09:25:47 +0000","<a href=""http://tapbots.com/tweetbot"" rel=""nofollow"">Tweetbot for iOS</a>","Was der Vetter der Frau so im Garten hat. Monstertomaten. 4 St?ck, 3 Kilo. http://t.co/08BHm1Y","http://twitpic.com/68uyz0"
"104623527021391872","","","","","2011-08-19 18:39:27 +0000","<a href=""http://tapbots.com/tweetbot"" rel=""nofollow"">Tweetbot for iOS</a>","Hier wird mit schwarzem Tr?ffel geworfen. #anderquelle"
"104604489692098560","","","","","2011-08-19 17:23:48 +0000","<a href=""http://tapbots.com/tweetbot"" rel=""nofollow"">Tweetbot for iOS</a>","Wird nicht gegessen. http://t.co/6NEb44v","http://twitpic.com/68iip3"
"104599831791669248","","","","","2011-08-19 17:05:17 +0000","<a href=""http://gowalla.com/"" rel=""nofollow"">Gowalla</a>","Beim Vetter abendessen.  @ Middle of nowhere http://t.co/ezXo2Mp","http://gowal.la/c/4MixV"
"104588126902697986","104586894846869504","39076170","","","2011-08-19 16:18:47 +0000","<a href=""http://tapbots.com/tweetbot"" rel=""nofollow"">Tweetbot for iOS</a>","@bbedit but thanks for looking for it. Much appreciated!"
"104587929434849281","104586894846869504","39076170","","","2011-08-19 16:18:00 +0000","<a href=""http://tapbots.com/tweetbot"" rel=""nofollow"">Tweetbot for iOS</a>","@bbedit can't tell, haven't recd an autoreply with case id. Probably bc I emailed support directly not via webform I couldn't find anymore."
"104586327286235136","104585858992185344","69553769","","","2011-08-19 16:11:38 +0000","<a href=""http://tapbots.com/tweetbot"" rel=""nofollow"">Tweetbot for iOS</a>","@DerScholz weil Du es kannst."
"104526695612153856","104526184020328448","14674939","","","2011-08-19 12:14:40 +0000","<a href=""http://itunes.apple.com/us/app/twitter/id409789998?mt=12"" rel=""nofollow"">Twitter for Mac</a>","@zuckerbaeckerin Hoffe der Kapit?n darf bei seinen Kollegen sitzen."
"104525223205933057","","","","","2011-08-19 12:08:49 +0000","<a href=""http://itunes.apple.com/us/app/twitter/id409789998?mt=12"" rel=""nofollow"">Twitter for Mac</a>","Interessant. Schweiz=Wei?wein, Deutschland=Kaffee: http://t.co/zGmWhi6
Na dann trink ich halt nen Bitterino.","http://twtpoll.com/ici291"
"104524147375349761","104523526643523585","24044855","","","2011-08-19 12:04:33 +0000","<a href=""http://itunes.apple.com/us/app/twitter/id409789998?mt=12"" rel=""nofollow"">Twitter for Mac</a>","@Gipsler @yvonnesim Ja, das ist ne Stunde Fahrt entfernt, aber daf?r hab ich ne Dusche und muss nicht neben 100ten anderen liegen ;-)"
"104522747815796736","104522572141559808","5301952","","","2011-08-19 11:58:59 +0000","<a href=""http://itunes.apple.com/us/app/twitter/id409789998?mt=12"" rel=""nofollow"">Twitter for Mac</a>","@fachatc Ja, dann ?? empfehle ich Dir bit.ly ;-)"
"104522218284912640","104521839191142400","19582762","","","2011-08-19 11:56:53 +0000","<a href=""http://itunes.apple.com/us/app/twitter/id409789998?mt=12"" rel=""nofollow"">Twitter for Mac</a>","@YvonneSim Danke! H?rt sich nicht nur gut an, sondern sieht auch noch gut aus ;-) http://t.co/hUeCSCU","http://www.laueaben.de/Bilder/aussicht-pieve.jpg"
"104520780473307137","","","","","2011-08-19 11:51:10 +0000","<a href=""http://itunes.apple.com/us/app/twitter/id409789998?mt=12"" rel=""nofollow"">Twitter for Mac</a>","32?C, kaum Wind. Liegestuhl, Buch, Aussicht."
"104519944607236096","104519521997565952","39076170","","","2011-08-19 11:47:51 +0000","<a href=""http://itunes.apple.com/us/app/twitter/id409789998?mt=12"" rel=""nofollow"">Twitter for Mac</a>","@bbedit not really a problem. Sent an email on Aug 13th and haven't received a reply yet. Thanks!"
"104517885254311936","","39076170","","","2011-08-19 11:39:40 +0000","<a href=""http://itunes.apple.com/us/app/twitter/id409789998?mt=12"" rel=""nofollow"">Twitter for Mac</a>","@bbedit is your support@barebones email address no longer operational?"
"104503804417945600","104502638976045056","5301952","","","2011-08-19 10:43:43 +0000","<a href=""http://tapbots.com/tweetbot"" rel=""nofollow"">Tweetbot for iOS</a>","@fachatc Du meinst sowas wie Bit.ly ?"
"104490702980907009","104227744153477120","28049003","","","2011-08-19 09:51:39 +0000","<a href=""http://tapbots.com/tweetbot"" rel=""nofollow"">Tweetbot for iOS</a>","@GreatDismal his account is protected, so the public wouldn't be able to see an RT..."
"103893219565248512","103833719873351680","15003368","","","2011-08-17 18:17:28 +0000","<a href=""http://tapbots.com/tweetbot"" rel=""nofollow"">Tweetbot for iOS</a>","@saimalkan der war aber zu kurz."
"103816183538651136","","","","","2011-08-17 13:11:21 +0000","<a href=""http://twtpoll.com"" rel=""nofollow"">Twtpoll by Twtapps</a>","Um diese Zeit stellt sich die wichtige Frage: http://t.co/zGmWhi6","http://twtpoll.com/ici291"
"103811526200262656","","","","","2011-08-17 12:52:51 +0000","<a href=""http://instagr.am"" rel=""nofollow"">Instagram</a>","Statt Brandung  @ Pieve di Compresseto http://t.co/Gb6N23P","http://instagr.am/p/KgVGu/"
"103785866970935297","103777763567222784","19582762","","","2011-08-17 11:10:53 +0000","<a href=""http://tapbots.com/tweetbot"" rel=""nofollow"">Tweetbot for iOS</a>","@YvonneSim oha. M?ssen die raus?"
"103774937289998336","103766781914648576","16745703","","","2011-08-17 10:27:27 +0000","<a href=""http://tapbots.com/tweetbot"" rel=""nofollow"">Tweetbot for iOS</a>","@x34dash naheliegend. Oase, Vase, Blase"
"103754912353107969","103754116404215808","15753084","","","2011-08-17 09:07:53 +0000","<a href=""http://tapbots.com/tweetbot"" rel=""nofollow"">Tweetbot for iOS</a>","@cruiser607 was fehlt ist ein EU weites Empfehlungsportal f?r Baum?rkte mit checkin etc pp"
"103754597578973184","103754116404215808","15753084","","","2011-08-17 09:06:38 +0000","<a href=""http://tapbots.com/tweetbot"" rel=""nofollow"">Tweetbot for iOS</a>","@cruiser607 ja, gell. Mal ne Abwechslung zu dieser virtuellen Arbeit am Bildschirm?"
"103753731023175680","","","","","2011-08-17 09:03:11 +0000","<a href=""http://tapbots.com/tweetbot"" rel=""nofollow"">Tweetbot for iOS</a>","And done. http://t.co/LW7YjVF","http://twitpic.com/67eajw"
"103752054119464960","","","","","2011-08-17 08:56:31 +0000","<a href=""http://tapbots.com/tweetbot"" rel=""nofollow"">Tweetbot for iOS</a>","Done. http://t.co/PM5qv0H","http://twitpic.com/67e83k"
"103554131616206849","","","","","2011-08-16 19:50:03 +0000","<a href=""http://tapbots.com/tweetbot"" rel=""nofollow"">Tweetbot for iOS</a>","Aaaahhh! Tweetbot endlich mit Filtern. Bye bye gntm und Konsorten."
"103405624754323456","","","","","2011-08-16 09:59:56 +0000","<a href=""http://tapbots.com/tweetbot"" rel=""nofollow"">Tweetbot for iOS</a>","Auf dem Markt in Gubbio, Beine schauen und Gibson lesen. http://t.co/CsM2UCp","http://twitpic.com/66xrkk"
"103190825072209921","103154857933942787","1160081","","","2011-08-15 19:46:24 +0000","<a href=""http://tapbots.com/tweetbot"" rel=""nofollow"">Tweetbot for iOS</a>","@dentaku gute Wahl. Hatten wir gestern."
"103190538370560000","103150537922453504","15378060","","","2011-08-15 19:45:16 +0000","<a href=""http://tapbots.com/tweetbot"" rel=""nofollow"">Tweetbot for iOS</a>","@drikkes nein, da sind auch noch die Zanzare. Zumindest bei uns."
"103140460662501376","","","","","2011-08-15 16:26:16 +0000","<a href=""http://tapbots.com/tweetbot"" rel=""nofollow"">Tweetbot for iOS</a>","Goorgonzola"
"103139389655355392","","","","","2011-08-15 16:22:01 +0000","<a href=""http://tapbots.com/tweetbot"" rel=""nofollow"">Tweetbot for iOS</a>","Social Media auf italienisch. http://t.co/0EmE45V","http://twitpic.com/66llgj"
"103044398341828609","","","","","2011-08-15 10:04:33 +0000","<a href=""http://tapbots.com/tweetbot"" rel=""nofollow"">Tweetbot for iOS</a>","Und nun folgt ein Tag mit der Verwandtschaft und ausgiebiger Nahrungsaufnahme. War sch?n mit Euch. #ferragosto"
"103043467667714048","","","","","2011-08-15 10:00:51 +0000","<a href=""http://tapbots.com/tweetbot"" rel=""nofollow"">Tweetbot for iOS</a>","Mein Urlaubs Setup: 5 GB tim.it  datenflat f?r 20?, iFon 4 personal Hotspot und MacBook. It just works."
"102839254543114240","","","","","2011-08-14 20:29:23 +0000","<a href=""http://tapbots.com/tweetbot"" rel=""nofollow"">Tweetbot for iOS</a>","Ganz fies sind ja M?ckenstiche auf den Fingerkn?cheln."
"102838403992793088","102827889787011073","14510685","","","2011-08-14 20:26:00 +0000","<a href=""http://tapbots.com/tweetbot"" rel=""nofollow"">Tweetbot for iOS</a>","@erikschimmel hier ist Sommer, aber mit ganz widerlichen, nahezu unsichtbaren Stechtieren. Sehe aus wie ein Streuselkuchen."
"102806503790100481","","","","","2011-08-14 18:19:15 +0000","<a href=""http://tapbots.com/tweetbot"" rel=""nofollow"">Tweetbot for iOS</a>","Muss los. Schon wieder Muschel vor Halb. http://t.co/CkDBEiz","http://twitpic.com/664gs1"
"102805770688663552","","","","","2011-08-14 18:16:20 +0000","<a href=""http://tapbots.com/tweetbot"" rel=""nofollow"">Tweetbot for iOS</a>","Bei uns so, hinten raus. http://t.co/jRb4ABH","http://twitpic.com/664fdg"
"102804689984290817","102765330526519296","7860352","","","2011-08-14 18:12:02 +0000","<a href=""http://tapbots.com/tweetbot"" rel=""nofollow"">Tweetbot for iOS</a>","@stuntbox that doesn't look like the London I knew."
"102701776813305856","","","","","2011-08-14 11:23:06 +0000","<a href=""http://tapbots.com/tweetbot"" rel=""nofollow"">Tweetbot for iOS</a>","Current Status: Tranquillo. http://t.co/12V7yzF","http://twitpic.com/65ygxq"
"102341140963012608","","","","","2011-08-13 11:30:04 +0000","<a href=""http://tapbots.com/tweetbot"" rel=""nofollow"">Tweetbot for iOS</a>","Current Status: http://t.co/Fty3tWo","http://twitpic.com/65dqhb"
"102069794609700864","102067887912648704","14510685","","","2011-08-12 17:31:50 +0000","<a href=""http://tapbots.com/tweetbot"" rel=""nofollow"">Tweetbot for iOS</a>","@erikschimmel Schmeckenlassbefehl und ein paar umbrische Abendsonnenstrahlen dazu."
"101687183987056640","","","","","2011-08-11 16:11:28 +0000","<a href=""http://instagr.am"" rel=""nofollow"">Instagram</a>","Kind of blue II http://instagr.am/p/J8xkS/"
"101671955220008960","101577327313559552","13257382","","","2011-08-11 15:10:57 +0000","<a href=""http://tapbots.com/tweetbot"" rel=""nofollow"">Tweetbot for iOS</a>","@mhenders Awesome!"
"101655238347468800","","","","","2011-08-11 14:04:32 +0000","<a href=""http://instagr.am"" rel=""nofollow"">Instagram</a>","A kind of blue http://instagr.am/p/J8RNx/"
"101269808028467201","101256554807959552","14070881","","","2011-08-10 12:32:58 +0000","<a href=""http://tapbots.com/tweetbot"" rel=""nofollow"">Tweetbot for iOS</a>","@jdriscoll that, and -- bacon."
"101242568716722177","101241863947829248","13257382","","","2011-08-10 10:44:44 +0000","<a href=""http://itunes.apple.com/us/app/twitter/id409789998?mt=12"" rel=""nofollow"">Twitter for Mac</a>","@mhenders Yeah, did that with one photo on the website already ;-) It's not so bad in reality. Only phone lines."
"101202328518008832","","","","","2011-08-10 08:04:50 +0000","<a href=""http://tapbots.com/tweetbot"" rel=""nofollow"">Tweetbot for iOS</a>","Dieser Blick. Immer wieder unbezahlbar. http://twitpic.com/63t3wk"
"101194765185454080","","","101035854046310400","2426","2011-08-10 07:34:46 +0000","<a href=""http://tapbots.com/tweetbot"" rel=""nofollow"">Tweetbot for iOS</a>","RT @Mike_FTW: Half of you could die in a train wreck tomorrow and I would still miss Freehand more. #dieillustratordie"
"101031083096801281","","","","","2011-08-09 20:44:21 +0000","<a href=""http://gowalla.com/"" rel=""nofollow"">Gowalla</a>","Noch ein Glas Verdicchio auf der Terrasse.  @ Pieve di Compresseto http://gowal.la/p/gXSn #photo"
"101024980250271744","101021151786045440","14510685","","","2011-08-09 20:20:06 +0000","<a href=""http://tapbots.com/tweetbot"" rel=""nofollow"">Tweetbot for iOS</a>","@erikschimmel Holy shit! ;)"
"101015853197307904","","","","","2011-08-09 19:43:50 +0000","<a href=""http://tapbots.com/tweetbot"" rel=""nofollow"">Tweetbot for iOS</a>","Hier hat's noch 20 Grad. Und bei Euch so?"
"101013574079610880","100999630367621120","38022284","","","2011-08-09 19:34:47 +0000","<a href=""http://tapbots.com/tweetbot"" rel=""nofollow"">Tweetbot for iOS</a>","@HubertMayer Gualdo Tadino."
"100998837841313792","","","","","2011-08-09 18:36:14 +0000","<a href=""http://tapbots.com/tweetbot"" rel=""nofollow"">Tweetbot for iOS</a>","Da."
"100834659352592384","","","","","2011-08-09 07:43:50 +0000","<a href=""http://tapbots.com/tweetbot"" rel=""nofollow"">Tweetbot for iOS</a>","Auf geht's. http://twitpic.com/63bmfa"
"100564364494508032","100564077537005569","18864381","","","2011-08-08 13:49:47 +0000","<a href=""http://itunes.apple.com/us/app/twitter/id409789998?mt=12"" rel=""nofollow"">Twitter for Mac</a>","@larry84bln ;-)"
"100563547012071425","100563405760507904","4591101","","","2011-08-08 13:46:32 +0000","<a href=""http://itunes.apple.com/us/app/twitter/id409789998?mt=12"" rel=""nofollow"">Twitter for Mac</a>","@ste7130 Ah, cool."
"100563198444449793","100562967103418369","4591101","","","2011-08-08 13:45:09 +0000","<a href=""http://itunes.apple.com/us/app/twitter/id409789998?mt=12"" rel=""nofollow"">Twitter for Mac</a>","@ste7130 Das ging aber flott. Nicht so Dein Fall dort?"
"100562162929512448","","","","","2011-08-08 13:41:02 +0000","<a href=""http://itunes.apple.com/us/app/twitter/id409789998?mt=12"" rel=""nofollow"">Twitter for Mac</a>","Wenn ich nen Original ? Cube zu verkaufen h?tte, w?rde den jemand wollen?"
"100561351772078080","","","","","2011-08-08 13:37:49 +0000","<a href=""http://itunes.apple.com/us/app/twitter/id409789998?mt=12"" rel=""nofollow"">Twitter for Mac</a>","@skimbee Kannsch' a Bissle von meim han."
"100560504870797312","100559329756839936","15297361","","","2011-08-08 13:34:27 +0000","<a href=""http://itunes.apple.com/us/app/twitter/id409789998?mt=12"" rel=""nofollow"">Twitter for Mac</a>","@sbuehl Ich glaub die gibt's bei Amazon gar nicht."
"100558739064619008","100558091258572800","12948892","","","2011-08-08 13:27:26 +0000","<a href=""http://itunes.apple.com/us/app/twitter/id409789998?mt=12"" rel=""nofollow"">Twitter for Mac</a>","@web_martin Ja, das mit dem M?ll ist unangenehm. Ich hab so Kapseln, die man nachf?llen kann, macht aber keine gute Crema etc."
"100558481412718592","100558091258572800","12948892","","","2011-08-08 13:26:24 +0000","<a href=""http://itunes.apple.com/us/app/twitter/id409789998?mt=12"" rel=""nofollow"">Twitter for Mac</a>","@web_martin ? da schmeckt der Kaffee am besten, weil die Maschinen da permanent laufen und gut justiert sind."
"100558384822095872","100558091258572800","12948892","","","2011-08-08 13:26:01 +0000","<a href=""http://itunes.apple.com/us/app/twitter/id409789998?mt=12"" rel=""nofollow"">Twitter for Mac</a>","@web_martin Ein richtiger Siebtr?ger muss laufen, damit der Kaffee schmeckt. Zuhause mach ich daf?r zu wenig Kaffee. Siehe ital. Rastst?tten"
"100557614194237441","100557500146909184","12948892","","","2011-08-08 13:22:58 +0000","<a href=""http://itunes.apple.com/us/app/twitter/id409789998?mt=12"" rel=""nofollow"">Twitter for Mac</a>","@web_martin Da bin ich anderer Meinung und ich habe beides ;-)"
"100556101128425472","","","","","2011-08-08 13:16:57 +0000","<a href=""http://itunes.apple.com/us/app/twitter/id409789998?mt=12"" rel=""nofollow"">Twitter for Mac</a>","Mist, N?spr?sso Kapseln schon wider alle. Das geht ganz sch?n ins Geld. 
Gibt es schon alternative Lieferanten, die was taugen?"
"100241470786768896","100238270394400769","13257382","","","2011-08-07 16:26:43 +0000","<a href=""http://tapbots.com/tweetbot"" rel=""nofollow"">Tweetbot for iOS</a>","@mhenders considering the price of copper etc, such cable boxes approach the status of a savings account."
"100240949438980098","100232182206959616","928881","","","2011-08-07 16:24:39 +0000","<a href=""http://tapbots.com/tweetbot"" rel=""nofollow"">Tweetbot for iOS</a>","@baranek nach S?ulenumarming nun also Telenavigating. FTW. :)"
"99857755300564992","","","","","2011-08-06 15:01:58 +0000","<a href=""http://itunes.apple.com/us/app/twitter/id409789998?mt=12"" rel=""nofollow"">Twitter for Mac</a>","? UI-Fail #2
Q: Where do i click to flip those pages?
A: You can't flip them. This isn't a book, it just looks like one
 http://t.co/IxaZ8QV","http://twitpic.com/61wnmp"
"99853959681933312","","","","","2011-08-06 14:46:53 +0000","<a href=""http://itunes.apple.com/us/app/twitter/id409789998?mt=12"" rel=""nofollow"">Twitter for Mac</a>","? UI-Fail #1 
Q: Which of the two is empty?






A: Both! http://t.co/QVd8GxM","http://twitpic.com/61we6e"
"99852682499592192","99827402913488896","13257382","","","2011-08-06 14:41:49 +0000","<a href=""http://itunes.apple.com/us/app/twitter/id409789998?mt=12"" rel=""nofollow"">Twitter for Mac</a>","@mhenders Maybe a login item which lion doesn't like and which slows things down? Remember how we troubleshot extension conflicts in OS9?"
"99556870565535744","99553437590634497","14070881","","","2011-08-05 19:06:22 +0000","<a href=""http://itunes.apple.com/us/app/twitter/id409789998?mt=12"" rel=""nofollow"">Twitter for Mac</a>","@jdriscoll +1"
"99556811803332608","99550907041193984","4591101","","","2011-08-05 19:06:08 +0000","<a href=""http://itunes.apple.com/us/app/twitter/id409789998?mt=12"" rel=""nofollow"">Twitter for Mac</a>","@ste7130 Tipp: Tafelberg"
"99506881424400384","","","","","2011-08-05 15:47:43 +0000","<a href=""http://instagr.am"" rel=""nofollow"">Instagram</a>","Futsch.  http://instagr.am/p/JaItM/"
"99499225104138240","99299576036605952","1777681","","","2011-08-05 15:17:18 +0000","<a href=""http://itunes.apple.com/us/app/twitter/id409789998?mt=12"" rel=""nofollow"">Twitter for Mac</a>","@MikeTRose next up: Nacht?tisch?lam?pe"
"99231334622445568","99136782926487552","13257382","","","2011-08-04 21:32:48 +0000","<a href=""http://tapbots.com/tweetbot"" rel=""nofollow"">Tweetbot for iOS</a>","@mhenders try in finder via
Connect to (Command K) and entering the IP. That often worked for me."
"99074369002807296","","12948892","","","2011-08-04 11:09:04 +0000","<a href=""http://itunes.apple.com/us/app/twitter/id409789998?mt=12"" rel=""nofollow"">Twitter for Mac</a>","@web_martin Happy Birthday!"
"99068679328772097","","","","","2011-08-04 10:46:28 +0000","<a href=""http://itunes.apple.com/us/app/twitter/id409789998?mt=12"" rel=""nofollow"">Twitter for Mac</a>","Received some Bose speakers as replacement for my dead Soundsticks. Immediate headache. What chemicals do they throw at their packaging?"
"98851935284772864","98636866714210304","15378060","","","2011-08-03 20:25:12 +0000","<a href=""http://tapbots.com/tweetbot"" rel=""nofollow"">Tweetbot for iOS</a>","@drikkes Grobstaubplaketten."
"98696033764257792","98695722874052608","69553769","","","2011-08-03 10:05:42 +0000","<a href=""http://itunes.apple.com/us/app/twitter/id409789998?mt=12"" rel=""nofollow"">Twitter for Mac</a>","@DerScholz ROFL"
"98695490601885696","98686010128482304","1160081","","","2011-08-03 10:03:33 +0000","<a href=""http://itunes.apple.com/us/app/twitter/id409789998?mt=12"" rel=""nofollow"">Twitter for Mac</a>","@dentaku Wir f?hlen mit Dir!"
"98694113196642304","98693499620302848","69553769","","","2011-08-03 09:58:04 +0000","<a href=""http://itunes.apple.com/us/app/twitter/id409789998?mt=12"" rel=""nofollow"">Twitter for Mac</a>","@DerScholz ? und dann zum Augenarzt geschickt worden, der 3 Gehminuten von mir entfernt gewesen w?re. Tolle Erfahrung."
"98693965666197505","98693499620302848","69553769","","","2011-08-03 09:57:29 +0000","<a href=""http://itunes.apple.com/us/app/twitter/id409789998?mt=12"" rel=""nofollow"">Twitter for Mac</a>","@DerScholz Hatte ich auch mal. Schnell ins 10KM entf. Krankenhaus gefahren, ne halbe Stunde voller Angst gewartet?"
"98693576346701824","98435154569211904","7860352","","","2011-08-03 09:55:56 +0000","<a href=""http://itunes.apple.com/us/app/twitter/id409789998?mt=12"" rel=""nofollow"">Twitter for Mac</a>","@stuntbox Here's the ultimate QR code. That is all.  http://t.co/VxkW8j4","http://twitpic.com/6098o4"
"98690873088417792","98634027141054466","8783762","","","2011-08-03 09:45:12 +0000","<a href=""http://tapbots.com/tweetbot"" rel=""nofollow"">Tweetbot for iOS</a>","@markus_siepmann Herbst? Pfft, das ist sowas von KW 30."
"98689027640803328","98508536241328128","69553769","","","2011-08-03 09:37:52 +0000","<a href=""http://tapbots.com/tweetbot"" rel=""nofollow"">Tweetbot for iOS</a>","@DerScholz alles Ok?"
"98688092000624641","98481245545168896","1777681","","","2011-08-03 09:34:09 +0000","<a href=""http://tapbots.com/tweetbot"" rel=""nofollow"">Tweetbot for iOS</a>","@MikeTRose Berlin was even weirder. Back then."
"98456930162446336","","2911221","","","2011-08-02 18:15:36 +0000","<a href=""http://tapbots.com/tweetbot"" rel=""nofollow"">Tweetbot for iOS</a>","@wilshipley did Facebook call you recently? ;)"
"98455861860634624","98452744087683073","4591101","","","2011-08-02 18:11:21 +0000","<a href=""http://tapbots.com/tweetbot"" rel=""nofollow"">Tweetbot for iOS</a>","@ste7130 irgend was stimmt in dem Tweet nicht ;) mediamarkt und vertrauen?"
"98455432741392385","98452566354046977","2727051","","","2011-08-02 18:09:39 +0000","<a href=""http://tapbots.com/tweetbot"" rel=""nofollow"">Tweetbot for iOS</a>",".@maxvoltar can anyone figure out their strategy behind these acquisitions other than buying talent for a fortune?"
"98434855930560512","98434417890045952","7860352","","","2011-08-02 16:47:53 +0000","<a href=""http://itunes.apple.com/us/app/twitter/id409789998?mt=12"" rel=""nofollow"">Twitter for Mac</a>","@stuntbox Well, the silliest thing is posting QR codes which include the URL to the site you are viewing on said site. Often seen."
"98434530964287489","98432002616868864","14282816","","","2011-08-02 16:46:35 +0000","<a href=""http://itunes.apple.com/us/app/twitter/id409789998?mt=12"" rel=""nofollow"">Twitter for Mac</a>","@wheinrich +1"
"98430088911142912","","","","","2011-08-02 16:28:56 +0000","<a href=""http://itunes.apple.com/us/app/twitter/id409789998?mt=12"" rel=""nofollow"">Twitter for Mac</a>","Zum Gl?ck gibt es noch keine Tools, die Twitter Posts automatisch auch auf G+ posten. Doppel/Dreifach-Posts kosten meine Zeit!"
"98429545107038208","","","","","2011-08-02 16:26:46 +0000","<a href=""http://itunes.apple.com/us/app/twitter/id409789998?mt=12"" rel=""nofollow"">Twitter for Mac</a>","Also ich weiss ja nicht, ob das parallele Posten auf allen Kan?len so der Weisheit letzter Schluss ist. Wer will schon alles mehrfach lesen?"
"98417552631402497","98416632526942208","19582762","","","2011-08-02 15:39:07 +0000","<a href=""http://itunes.apple.com/us/app/twitter/id409789998?mt=12"" rel=""nofollow"">Twitter for Mac</a>","@YvonneSim @fachatc ja glaubt Ihr vielleicht, ich w?rde Lotto spielen? No way ;-)"
"98393074283184129","","","","","2011-08-02 14:01:51 +0000","<a href=""http://itunes.apple.com/us/app/twitter/id409789998?mt=12"" rel=""nofollow"">Twitter for Mac</a>","Sad: my Harman Kardon Soundsticks just died after 10+ years. Nice: i can enter yet another Apple Store Order Number into deliveries touch."
"98356973002686464","98356603673264128","16745703","","","2011-08-02 11:38:24 +0000","<a href=""http://itunes.apple.com/us/app/twitter/id409789998?mt=12"" rel=""nofollow"">Twitter for Mac</a>","@x34dash F?r Server Dienst brauchst Du dies hier: http://t.co/kGgD9zm","http://itunes.apple.com/de/app/os-x-lion-server/id444376097?mt=12"
"98345636348428288","98309450594664448","16745703","","","2011-08-02 10:53:21 +0000","<a href=""http://tapbots.com/tweetbot"" rel=""nofollow"">Tweetbot for iOS</a>","@x34dash hast Du die Lion Server Version installiert?"
"98344734409506817","98294150901927936","4591101","","","2011-08-02 10:49:46 +0000","<a href=""http://tapbots.com/tweetbot"" rel=""nofollow"">Tweetbot for iOS</a>","@ste7130 liegt an der Beta. Kommt noch."
"98344395983699968","98292803343368192","19582762","","","2011-08-02 10:48:25 +0000","<a href=""http://tapbots.com/tweetbot"" rel=""nofollow"">Tweetbot for iOS</a>","@YvonneSim @cruiser607 Hach. Ihr seid so gut zu mir ;)"
"98287883412180992","98287676070952960","15753084","","","2011-08-02 07:03:52 +0000","<a href=""http://tapbots.com/tweetbot"" rel=""nofollow"">Tweetbot for iOS</a>","@cruiser607 Grazie, mille!"
"98285915679621122","","","","","2011-08-02 06:56:03 +0000","<a href=""http://tapbots.com/tweetbot"" rel=""nofollow"">Tweetbot for iOS</a>","Sitzt seit 0800 in der Sonne vor der Autowerkstatt und wartet. Es gibt schlimmeres."
"98285627199598592","98278165377589249","5301952","","","2011-08-02 06:54:54 +0000","<a href=""http://tapbots.com/tweetbot"" rel=""nofollow"">Tweetbot for iOS</a>","@fachatc welche? Kann Yvonne nicht lesen, ist protected. Mir fehlt daher der Kontext."
"98122884916060160","98080870006652930","928881","","","2011-08-01 20:08:13 +0000","<a href=""http://tapbots.com/tweetbot"" rel=""nofollow"">Tweetbot for iOS</a>","@baranek schmacht."
"98007104555728896","97996818243268608","7907312","","","2011-08-01 12:28:09 +0000","<a href=""http://itunes.apple.com/us/app/twitter/id409789998?mt=12"" rel=""nofollow"">Twitter for Mac</a>","@uknaus Verdammt!"
